nmrFileName,peakid,researcher,username,instrument,organization,date
1273_13Cpg,,Chad J.,johnsc7,NMR,Magarvey Lab,Fri Mar 27 00:00:00 EDT 2015
1273_COSY,,Chad J.,johnsc7,NMR,Magarvey Lab,Sat Mar 28 00:00:00 EDT 2015
1273_DEPT,,Chad J.,johnsc7,NMR,Magarvey Lab,Wed Apr 01 00:00:00 EDT 2015
1273_HMBC,,Chad J.,johnsc7,NMR,Magarvey Lab,Sat Mar 28 00:00:00 EDT 2015
1273_HMBCqf,,Chad J.,johnsc7,NMR,Magarvey Lab,Fri Apr 03 00:00:00 EDT 2015
1273_HSQC,,Chad J.,johnsc7,NMR,Magarvey Lab,Sun Mar 29 00:00:00 EDT 2015
1273_HSQC_TOCSY,,Chad J.,johnsc7,NMR,Magarvey Lab,Sat Mar 28 00:00:00 EDT 2015
1273_NHMBC,,Chad J.,johnsc7,NMR,Magarvey Lab,Tue Apr 07 00:00:00 EDT 2015
1273_NHSQC,,Chad J.,johnsc7,NMR,Magarvey Lab,Tue Apr 07 00:00:00 EDT 2015
1273_NOESY,,Chad J.,johnsc7,NMR,Magarvey Lab,Sun Mar 29 00:00:00 EDT 2015
1273_Proton,,Chad J.,johnsc7,NMR,Magarvey Lab,Fri Mar 27 00:00:00 EDT 2015
1273_TOCSY,,Chad J.,johnsc7,NMR,Magarvey Lab,Mon Mar 30 00:00:00 EDT 2015
2x5mWTelo_13C,,Chad J.,johnsc7,NMR,Magarvey Lab,Thu Apr 09 00:00:00 EDT 2015
2x5mWTelo_COSY,,Chad J.,johnsc7,NMR,Magarvey Lab,Wed Apr 08 00:00:00 EDT 2015
2x5mWTelo_HMBC,,Chad J.,johnsc7,NMR,Magarvey Lab,Sat Apr 11 00:00:00 EDT 2015
2x5mWTelo_HSQC,,Chad J.,johnsc7,NMR,Magarvey Lab,Sat Apr 11 00:00:00 EDT 2015
2x5mWTelo_NOESY,,Chad J.,johnsc7,NMR,Magarvey Lab,Thu Apr 16 00:00:00 EDT 2015
2x5mWTelo_Proton,,Chad J.,johnsc7,NMR,Magarvey Lab,Mon Apr 06 00:00:00 EDT 2015
2x5mWTelo_TOCSY,,Chad J.,johnsc7,NMR,Magarvey Lab,Fri Apr 10 00:00:00 EDT 2015
304DMSO_COSY,,Chad J.,johnsc7,NMR,Magarvey Lab,Wed May 11 20:38:00 EDT 2016
304DMSO_DEPT,,Chad J.,johnsc7,NMR,Magarvey Lab,Thu May 12 01:08:00 EDT 2016
304DMSO_HMBC,,Chad J.,johnsc7,NMR,Magarvey Lab,Thu May 12 09:08:00 EDT 2016
304DMSO_HSQC,,Chad J.,johnsc7,NMR,Magarvey Lab,Wed May 11 18:38:00 EDT 2016
304DMSO_Proton,,Chad J.,johnsc7,NMR,Magarvey Lab,Wed May 11 14:38:00 EDT 2016
304_13Cpg,,Chad J.,johnsc7,NMR,Magarvey Lab,Tue May 10 17:38:00 EDT 2016
304_COSY,,Chad J.,johnsc7,NMR,Magarvey Lab,Tue May 10 21:08:00 EDT 2016
304_DEPT,,Chad J.,johnsc7,NMR,Magarvey Lab,Tue May 10 19:38:00 EDT 2016
304_HMBC,,Chad J.,johnsc7,NMR,Magarvey Lab,Wed May 11 04:38:00 EDT 2016
304_HSQC,,Chad J.,johnsc7,NMR,Magarvey Lab,Wed May 11 00:38:00 EDT 2016
304_NOESY,,Chad J.,johnsc7,NMR,Magarvey Lab,Wed May 11 06:08:00 EDT 2016
304_Proton,,Chad J.,johnsc7,NMR,Magarvey Lab,Tue May 10 15:38:00 EDT 2016
305_13C,,Chad J.,johnsc7,NMR,Magarvey Lab,Sun Jul 05 00:00:00 EDT 2015
305_DEPT,,Chad J.,johnsc7,NMR,Magarvey Lab,Mon Jul 06 00:00:00 EDT 2015
305_Proton,,Chad J.,johnsc7,NMR,Magarvey Lab,Sun Jul 05 00:00:00 EDT 2015
526-13C,,Chad J.,johnsc7,NMR,Magarvey Lab,Thu Feb 19 00:00:00 EST 2015
526-COSY,,Chad J.,johnsc7,NMR,Magarvey Lab,Thu Feb 19 00:00:00 EST 2015
526-HMBC,,Chad J.,johnsc7,NMR,Magarvey Lab,Sat Feb 21 00:00:00 EST 2015
526-HSQC,,Chad J.,johnsc7,NMR,Magarvey Lab,Sat Feb 21 00:00:00 EST 2015
526-HSQC-TOCSY,,Chad J.,johnsc7,NMR,Magarvey Lab,Thu Feb 19 00:00:00 EST 2015
526-NOESY,,Chad J.,johnsc7,NMR,Magarvey Lab,Sat Feb 21 00:00:00 EST 2015
526-Proton,,Chad J.,johnsc7,NMR,Magarvey Lab,Wed Feb 18 00:00:00 EST 2015
526-ROESY,,Chad J.,johnsc7,NMR,Magarvey Lab,Sat Feb 21 00:00:00 EST 2015
526-TOCSY,,Chad J.,johnsc7,NMR,Magarvey Lab,Sat Feb 21 00:00:00 EST 2015
AcetylThana1291_13C,,Chad J.,johnsc7,NMR,Magarvey Lab,Thu Apr 16 00:00:00 EDT 2015
AcetylThana1291_COSY,,Chad J.,johnsc7,NMR,Magarvey Lab,Tue Apr 21 00:00:00 EDT 2015
AcetylThana1291_HMBC,,Chad J.,johnsc7,NMR,Magarvey Lab,Fri Apr 17 00:00:00 EDT 2015
AcetylThana1291_HSQC,,Chad J.,johnsc7,NMR,Magarvey Lab,Sat Apr 18 00:00:00 EDT 2015
AcetylThana1291_HSQC-TOCSY,,Chad J.,johnsc7,NMR,Magarvey Lab,Mon Apr 20 00:00:00 EDT 2015
AcetylThana1291_NOESY,,Chad J.,johnsc7,NMR,Magarvey Lab,Sat Apr 18 00:00:00 EDT 2015
AcetylThana1291_Proton,,Chad J.,johnsc7,NMR,Magarvey Lab,Wed Apr 15 00:00:00 EDT 2015
AcetylThana1291_TOCSY,,Chad J.,johnsc7,NMR,Magarvey Lab,Wed Apr 22 00:00:00 EDT 2015
Achromo690_13C,,Chad J.,johnsc7,NMR,Magarvey Lab,Wed Apr 15 00:00:00 EDT 2015
Achromo690_COSY,,Chad J.,johnsc7,NMR,Magarvey Lab,Sat Apr 18 00:00:00 EDT 2015
Achromo690_HMBC,,Chad J.,johnsc7,NMR,Magarvey Lab,Sun Apr 19 00:00:00 EDT 2015
Achromo690_HSQC,,Chad J.,johnsc7,NMR,Magarvey Lab,Sun Apr 19 00:00:00 EDT 2015
Achromo690_HSQC-TOCSY,,Chad J.,johnsc7,NMR,Magarvey Lab,Thu Apr 16 00:00:00 EDT 2015
Achromo690_NOESY,,Chad J.,johnsc7,NMR,Magarvey Lab,Sun Apr 19 00:00:00 EDT 2015
Achromo690_Proton,,Chad J.,johnsc7,NMR,Magarvey Lab,Wed Apr 15 00:00:00 EDT 2015
Achromo690_TOCSY,,Chad J.,johnsc7,NMR,Magarvey Lab,Sun Apr 19 00:00:00 EDT 2015
AcylLegionellolCOSY,,Chad J.,johnsc7,NMR,Magarvey Lab,Thu Jul 03 00:00:00 EDT 2014
AcylLegionellolHMBC,,Chad J.,johnsc7,NMR,Magarvey Lab,Mon Jun 30 00:00:00 EDT 2014
AcylLegionellolHSQC,,Chad J.,johnsc7,NMR,Magarvey Lab,Mon Jun 30 00:00:00 EDT 2014
AcylLegionellolProton,,Chad J.,johnsc7,NMR,Magarvey Lab,Mon Jun 30 00:00:00 EDT 2014
Aryl1015_C13,,Chad J.,johnsc7,NMR,Magarvey Lab,Sun Oct 26 00:00:00 EDT 2014
Aryl1015_COSY,,Chad J.,johnsc7,NMR,Magarvey Lab,Sat Oct 25 00:00:00 EDT 2014
Aryl1015_HMBC,,Chad J.,johnsc7,NMR,Magarvey Lab,Sat Oct 25 00:00:00 EDT 2014
Aryl1015_HSQC,,Chad J.,johnsc7,NMR,Magarvey Lab,Sun Oct 26 00:00:00 EDT 2014
Aryl1015_HSQCTOCSY,,Chad J.,johnsc7,NMR,Magarvey Lab,Sat Oct 25 00:00:00 EDT 2014
Aryl1015_Proton,,Chad J.,johnsc7,NMR,Magarvey Lab,Fri Oct 24 00:00:00 EDT 2014
Aryl1015_ROESY,,Chad J.,johnsc7,NMR,Magarvey Lab,Sun Oct 26 00:00:00 EDT 2014
Aryl1015_TOCSY,,Chad J.,johnsc7,NMR,Magarvey Lab,Tue Oct 28 00:00:00 EDT 2014
Arylomycin1001 COSY,,Chad J.,johnsc7,NMR,Magarvey Lab,Tue Oct 14 00:00:00 EDT 2014
Arylomycin1001 DEPT,,Chad J.,johnsc7,NMR,Magarvey Lab,Sun Oct 19 00:00:00 EDT 2014
Arylomycin1001 HMBC,,Chad J.,johnsc7,NMR,Magarvey Lab,Sun Oct 19 00:00:00 EDT 2014
Arylomycin1001 HSQC,,Chad J.,johnsc7,NMR,Magarvey Lab,Thu Oct 16 00:00:00 EDT 2014
Arylomycin1001 Proton,,Chad J.,johnsc7,NMR,Magarvey Lab,Tue Oct 14 00:00:00 EDT 2014
Arylomycin1001 ROESY,,Chad J.,johnsc7,NMR,Magarvey Lab,Sun Oct 19 00:00:00 EDT 2014
Arylomycin1001 TOCSY,,Chad J.,johnsc7,NMR,Magarvey Lab,Thu Oct 16 00:00:00 EDT 2014
Aurantizolicin_13C30K,,Chad J.,johnsc7,NMR,Magarvey Lab,Thu Mar 24 09:09:00 EDT 2016
Aurantizolicin_COSY128,,Chad J.,johnsc7,NMR,Magarvey Lab,Sun Mar 20 07:09:00 EDT 2016
Aurantizolicin_HMBC200,,Chad J.,johnsc7,NMR,Magarvey Lab,Mon Mar 28 01:39:00 EDT 2016
Aurantizolicin_HSQC75,,Chad J.,johnsc7,NMR,Magarvey Lab,Mon Mar 21 11:09:00 EDT 2016
Aurantizolicin_NOESY64,,Chad J.,johnsc7,NMR,Magarvey Lab,Sun Mar 20 17:39:00 EDT 2016
Aurantizolicin_NOESY93,,Chad J.,johnsc7,NMR,Magarvey Lab,Tue Apr 12 12:09:00 EDT 2016
Aurantizolicin_Proton1024,,Chad J.,johnsc7,NMR,Magarvey Lab,Fri Mar 18 18:39:00 EDT 2016
Aurantizolicin_Proton512,,Chad J.,johnsc7,NMR,Magarvey Lab,Thu Mar 17 17:09:00 EDT 2016
Aurantizolicin_Proton64,,Chad J.,johnsc7,NMR,Magarvey Lab,Thu Mar 17 16:09:00 EDT 2016
Aurantizolicin_Proton64_2,,Chad J.,johnsc7,NMR,Magarvey Lab,Fri Mar 18 16:39:00 EDT 2016
Aurantizolicin_ROESY102,,Chad J.,johnsc7,NMR,Magarvey Lab,Fri Apr 08 12:39:00 EDT 2016
Aurantizolicin_TOCSY128,,Chad J.,johnsc7,NMR,Magarvey Lab,Sat Mar 19 15:09:00 EDT 2016
ChitinoB_HSQC_TOCSY,,Chad J.,johnsc7,NMR,Magarvey Lab,Fri Oct 24 00:00:00 EDT 2014
ChitinoB_Proton,,Chad J.,johnsc7,NMR,Magarvey Lab,Thu Oct 23 00:00:00 EDT 2014
ChtB_Proton,,Chad J.,johnsc7,NMR,Magarvey Lab,Tue Nov 11 00:00:00 EST 2014
ChtProton,,Chad J.,johnsc7,NMR,Magarvey Lab,Mon Dec 08 00:00:00 EST 2014
ChtProtonDec,,Chad J.,johnsc7,NMR,Magarvey Lab,Tue Dec 16 00:00:00 EST 2014
DMSOAcylCOSY,,Chad J.,johnsc7,NMR,Magarvey Lab,Sat Jul 05 00:00:00 EDT 2014
DMSOAcylCOSYredo,,Chad J.,johnsc7,NMR,Magarvey Lab,Sat Jul 12 00:00:00 EDT 2014
DMSOAcylHMBC,,Chad J.,johnsc7,NMR,Magarvey Lab,Fri Jul 04 00:00:00 EDT 2014
DMSOAcylHMBCredo,,Chad J.,johnsc7,NMR,Magarvey Lab,Sat Jul 12 00:00:00 EDT 2014
DMSOAcylHSQC,,Chad J.,johnsc7,NMR,Magarvey Lab,Fri Jul 04 00:00:00 EDT 2014
DMSOAcylHSQCredo,,Chad J.,johnsc7,NMR,Magarvey Lab,Sat Jul 12 00:00:00 EDT 2014
DMSOAcylNOESY,,Chad J.,johnsc7,NMR,Magarvey Lab,Wed Jul 30 00:00:00 EDT 2014
DMSOAcylProton,,Chad J.,johnsc7,NMR,Magarvey Lab,Thu Jul 03 00:00:00 EDT 2014
DMSOAcylProtonRedo,,Chad J.,johnsc7,NMR,Magarvey Lab,Fri Jul 11 00:00:00 EDT 2014
IconStart-20140516,,Chad J.,johnsc7,NMR,Magarvey Lab,Sat May 17 00:00:00 EDT 2014
LIF09A COSY,,Chad J.,johnsc7,NMR,Magarvey Lab,Wed Oct 15 00:00:00 EDT 2014
LIF09A Proton,,Chad J.,johnsc7,NMR,Magarvey Lab,Tue Oct 14 00:00:00 EDT 2014
LIF09A Proton2,,Chad J.,johnsc7,NMR,Magarvey Lab,Wed Oct 15 00:00:00 EDT 2014
Potens304_COSY,,Chad J.,johnsc7,NMR,Magarvey Lab,Tue Feb 03 00:00:00 EST 2015
Potens304_Proton,,Chad J.,johnsc7,NMR,Magarvey Lab,Tue Feb 03 00:00:00 EST 2015
Potensibactin-13C,,Chad J.,johnsc7,NMR,Magarvey Lab,Mon Jun 29 00:00:00 EDT 2015
Potensibactin-1H,,Chad J.,johnsc7,NMR,Magarvey Lab,Mon Jun 29 00:00:00 EDT 2015
Potensibactin-COSY,,Chad J.,johnsc7,NMR,Magarvey Lab,Tue Jun 30 00:00:00 EDT 2015
Potensibactin-DEPT,,Chad J.,johnsc7,NMR,Magarvey Lab,Mon Jul 06 00:00:00 EDT 2015
Potensibactin-HMBC,,Chad J.,johnsc7,NMR,Magarvey Lab,Thu Jul 02 00:00:00 EDT 2015
Potensibactin-HSQC,,Chad J.,johnsc7,NMR,Magarvey Lab,Tue Jun 30 00:00:00 EDT 2015
Potensimicin-C13,,Chad J.,johnsc7,NMR,Magarvey Lab,Tue Feb 24 00:00:00 EST 2015
Potensimicin-COSY,,Chad J.,johnsc7,NMR,Magarvey Lab,Mon Feb 23 00:00:00 EST 2015
Potensimicin-HMBC,,Chad J.,johnsc7,NMR,Magarvey Lab,Mon Feb 23 00:00:00 EST 2015
Potensimicin-HSQC-TOCSY,,Chad J.,johnsc7,NMR,Magarvey Lab,Thu Feb 26 00:00:00 EST 2015
Potensimicin-HSQCedsi,,Chad J.,johnsc7,NMR,Magarvey Lab,Tue Feb 24 00:00:00 EST 2015
Potensimicin-NHMBC,,Chad J.,johnsc7,NMR,Magarvey Lab,Sun Mar 01 00:00:00 EST 2015
Potensimicin-NOESY,,Chad J.,johnsc7,NMR,Magarvey Lab,Tue Feb 24 00:00:00 EST 2015
Potensimicin-Proton,,Chad J.,johnsc7,NMR,Magarvey Lab,Sun Feb 22 00:00:00 EST 2015
Potensimicin-Proton2,,Chad J.,johnsc7,NMR,Magarvey Lab,Wed Feb 25 00:00:00 EST 2015
Potensimicin-ROESY,,Chad J.,johnsc7,NMR,Magarvey Lab,Fri Feb 27 00:00:00 EST 2015
Potensimicin-TOCSY,,Chad J.,johnsc7,NMR,Magarvey Lab,Tue Feb 24 00:00:00 EST 2015
Telo1240COSY,,Chad J.,johnsc7,NMR,Magarvey Lab,Sun Aug 16 00:00:00 EDT 2015
Telo1240HSQC,,Chad J.,johnsc7,NMR,Magarvey Lab,Fri Aug 21 00:00:00 EDT 2015
Telo1240Proton,,Chad J.,johnsc7,NMR,Magarvey Lab,Sun Aug 16 00:00:00 EDT 2015
Telo1240TOCSY,,Chad J.,johnsc7,NMR,Magarvey Lab,Sun Aug 16 00:00:00 EDT 2015
Telo125613C,,Chad J.,johnsc7,NMR,Magarvey Lab,Sat Aug 15 00:00:00 EDT 2015
Telo1256COSY,,Chad J.,johnsc7,NMR,Magarvey Lab,Sun Aug 16 00:00:00 EDT 2015
Telo1256HMBC,,Chad J.,johnsc7,NMR,Magarvey Lab,Sat Aug 15 00:00:00 EDT 2015
Telo1256HSQC,,Chad J.,johnsc7,NMR,Magarvey Lab,Sat Aug 15 00:00:00 EDT 2015
Telo1256Proton,,Chad J.,johnsc7,NMR,Magarvey Lab,Thu Aug 13 00:00:00 EDT 2015
Telo2-1-1256-COSY,,Chad J.,johnsc7,NMR,Magarvey Lab,Tue Sep 23 00:00:00 EDT 2014
Telo2-1-1256-DEPT,,Chad J.,johnsc7,NMR,Magarvey Lab,Sun Sep 21 00:00:00 EDT 2014
Telo2-1-1256-HSQC-TOCSY,,Chad J.,johnsc7,NMR,Magarvey Lab,Sun Sep 21 00:00:00 EDT 2014
Telo2-1-1256-Proton,,Chad J.,johnsc7,NMR,Magarvey Lab,Fri Sep 19 00:00:00 EDT 2014
Telo2-2-1256L-COSY,,Chad J.,johnsc7,NMR,Magarvey Lab,Wed Sep 24 00:00:00 EDT 2014
Telo2-2-1256L-DEPT,,Chad J.,johnsc7,NMR,Magarvey Lab,Sun Sep 21 00:00:00 EDT 2014
Telo2-2-1256L-HSQC-TOCSY,,Chad J.,johnsc7,NMR,Magarvey Lab,Sun Sep 21 00:00:00 EDT 2014
Telo2-2-1256L-Proton,,Chad J.,johnsc7,NMR,Magarvey Lab,Fri Sep 19 00:00:00 EDT 2014
Telo3-1-1240-COSY,,Chad J.,johnsc7,NMR,Magarvey Lab,Wed Sep 24 00:00:00 EDT 2014
Telo3-1-1240-DEPT,,Chad J.,johnsc7,NMR,Magarvey Lab,Mon Sep 22 00:00:00 EDT 2014
Telo3-1-1240-HSQC-TOCSY,,Chad J.,johnsc7,NMR,Magarvey Lab,Mon Sep 22 00:00:00 EDT 2014
Telo3-1-1240-Proton,,Chad J.,johnsc7,NMR,Magarvey Lab,Fri Sep 19 00:00:00 EDT 2014
Telo3.14.1226.COSY,,Chad J.,johnsc7,NMR,Magarvey Lab,Fri Oct 03 00:00:00 EDT 2014
Telo3.14.1226.Proton,,Chad J.,johnsc7,NMR,Magarvey Lab,Tue Sep 30 00:00:00 EDT 2014
Telo3.14.1226.TOCSY,,Chad J.,johnsc7,NMR,Magarvey Lab,Sat Oct 04 00:00:00 EDT 2014
Telo3.2.1258 - HSQC,,Chad J.,johnsc7,NMR,Magarvey Lab,Sun Oct 12 00:00:00 EDT 2014
Telo3.2.1258.COSY,,Chad J.,johnsc7,NMR,Magarvey Lab,Wed Oct 08 00:00:00 EDT 2014
Telo3.2.1258.Proton,,Chad J.,johnsc7,NMR,Magarvey Lab,Tue Sep 30 00:00:00 EDT 2014
Telo3.2.1258.TOCSY,,Chad J.,johnsc7,NMR,Magarvey Lab,Thu Oct 09 00:00:00 EDT 2014
Telo3.3.1226.COSY,,Chad J.,johnsc7,NMR,Magarvey Lab,Sun Oct 05 00:00:00 EDT 2014
Telo3.3.1226.Proton,,Chad J.,johnsc7,NMR,Magarvey Lab,Tue Sep 30 00:00:00 EDT 2014
Telo3.3.1226.TOCSY,,Chad J.,johnsc7,NMR,Magarvey Lab,Thu Oct 09 00:00:00 EDT 2014
Telo3.4.1226.COSY,,Chad J.,johnsc7,NMR,Magarvey Lab,Tue Oct 07 00:00:00 EDT 2014
Telo3.4.1226.Proton,,Chad J.,johnsc7,NMR,Magarvey Lab,Tue Sep 30 00:00:00 EDT 2014
Telo3.4.1226.TOCSY,,Chad J.,johnsc7,NMR,Magarvey Lab,Tue Oct 07 00:00:00 EDT 2014
Telo3.4.1242 - HSQC,,Chad J.,johnsc7,NMR,Magarvey Lab,Sun Oct 12 00:00:00 EDT 2014
Telo4-12-1224-DEPT,,Chad J.,johnsc7,NMR,Magarvey Lab,Sat Sep 20 00:00:00 EDT 2014
Telo4-12-1224-HSQC-TOCSY,,Chad J.,johnsc7,NMR,Magarvey Lab,Fri Sep 26 00:00:00 EDT 2014
Telo4-12-1224-Proton,,Chad J.,johnsc7,NMR,Magarvey Lab,Fri Sep 19 00:00:00 EDT 2014
Telo4-12-1224-TOCSY,,Chad J.,johnsc7,NMR,Magarvey Lab,Sat Sep 27 00:00:00 EDT 2014
Telo4-8-1224-COSY,,Chad J.,johnsc7,NMR,Magarvey Lab,Thu Sep 25 00:00:00 EDT 2014
Telo4-8-1224-DEPT,,Chad J.,johnsc7,NMR,Magarvey Lab,Sat Sep 20 00:00:00 EDT 2014
Telo4-8-1224-HSQC-TOCSY,,Chad J.,johnsc7,NMR,Magarvey Lab,Sat Sep 20 00:00:00 EDT 2014
Telo4-8-1224-Proton,,Chad J.,johnsc7,NMR,Magarvey Lab,Fri Sep 19 00:00:00 EDT 2014
Telo4-8-1224-TOCSY,,Chad J.,johnsc7,NMR,Magarvey Lab,Fri Sep 26 00:00:00 EDT 2014
Telo_2_1_1256_COSY,,Chad J.,johnsc7,NMR,Magarvey Lab,Tue Aug 25 00:00:00 EDT 2015
Telo_2_1_1256_HSQC,,Chad J.,johnsc7,NMR,Magarvey Lab,Mon Aug 31 00:00:00 EDT 2015
Telo_2_1_1256_Proton,,Chad J.,johnsc7,NMR,Magarvey Lab,Fri Aug 21 00:00:00 EDT 2015
Telo_2_1_1256_TOCSY,,Chad J.,johnsc7,NMR,Magarvey Lab,Wed Aug 26 00:00:00 EDT 2015
Telo_3_2_1258_COSY,,Chad J.,johnsc7,NMR,Magarvey Lab,Wed Aug 19 00:00:00 EDT 2015
Telo_3_2_1258_HSQC,,Chad J.,johnsc7,NMR,Magarvey Lab,Mon Aug 24 00:00:00 EDT 2015
Telo_3_2_1258_Proton,,Chad J.,johnsc7,NMR,Magarvey Lab,Mon Aug 17 00:00:00 EDT 2015
Telo_3_2_1258_TOCSY,,Chad J.,johnsc7,NMR,Magarvey Lab,Wed Aug 19 00:00:00 EDT 2015
Telo_3_3_1226_COSY,,Chad J.,johnsc7,NMR,Magarvey Lab,Mon Aug 17 00:00:00 EDT 2015
Telo_3_3_1226_HSQC,,Chad J.,johnsc7,NMR,Magarvey Lab,Sun Aug 23 00:00:00 EDT 2015
Telo_3_3_1226_Proton,,Chad J.,johnsc7,NMR,Magarvey Lab,Mon Aug 17 00:00:00 EDT 2015
Telo_3_3_1226_TOCSY,,Chad J.,johnsc7,NMR,Magarvey Lab,Tue Aug 18 00:00:00 EDT 2015
Telo_3_4_1242_COSY,,Chad J.,johnsc7,NMR,Magarvey Lab,Tue Aug 18 00:00:00 EDT 2015
Telo_3_4_1242_HSQC,,Chad J.,johnsc7,NMR,Magarvey Lab,Sun Aug 23 00:00:00 EDT 2015
Telo_3_4_1242_Proton,,Chad J.,johnsc7,NMR,Magarvey Lab,Mon Aug 17 00:00:00 EDT 2015
Telo_3_4_1242_TOCSY,,Chad J.,johnsc7,NMR,Magarvey Lab,Tue Aug 18 00:00:00 EDT 2015
Telo_4_13_1226_COSY,,Chad J.,johnsc7,NMR,Magarvey Lab,Sun Aug 16 00:00:00 EDT 2015
Telo_4_13_1226_HMBC,,Chad J.,johnsc7,NMR,Magarvey Lab,Thu Aug 20 00:00:00 EDT 2015
Telo_4_13_1226_HSQC,,Chad J.,johnsc7,NMR,Magarvey Lab,Thu Aug 20 00:00:00 EDT 2015
Telo_4_13_1226_Proton,,Chad J.,johnsc7,NMR,Magarvey Lab,Sun Aug 16 00:00:00 EDT 2015
Telo_4_13_1226_TOCSY,,Chad J.,johnsc7,NMR,Magarvey Lab,Sun Aug 16 00:00:00 EDT 2015
Telo_4_8_1224_COSY,,Chad J.,johnsc7,NMR,Magarvey Lab,Mon Aug 17 00:00:00 EDT 2015
Telo_4_8_1224_HSQC,,Chad J.,johnsc7,NMR,Magarvey Lab,Sat Aug 22 00:00:00 EDT 2015
Telo_4_8_1224_Proton,,Chad J.,johnsc7,NMR,Magarvey Lab,Sun Aug 16 00:00:00 EDT 2015
Telo_4_8_1224_TOCSY,,Chad J.,johnsc7,NMR,Magarvey Lab,Mon Aug 17 00:00:00 EDT 2015
TelomycinCOSY,,Chad J.,johnsc7,NMR,Magarvey Lab,Mon Sep 08 00:00:00 EDT 2014
TelomycinDEPT,,Chad J.,johnsc7,NMR,Magarvey Lab,Wed Sep 10 00:00:00 EDT 2014
TelomycinHMBC,,Chad J.,johnsc7,NMR,Magarvey Lab,Tue Sep 09 00:00:00 EDT 2014
TelomycinHSQC,,Chad J.,johnsc7,NMR,Magarvey Lab,Tue Sep 09 00:00:00 EDT 2014
TelomycinHSQC-TOCSY,,Chad J.,johnsc7,NMR,Magarvey Lab,Wed Sep 10 00:00:00 EDT 2014
TelomycinProton,,Chad J.,johnsc7,NMR,Magarvey Lab,Mon Sep 08 00:00:00 EDT 2014
TelomycinROESY,,Chad J.,johnsc7,NMR,Magarvey Lab,Thu Sep 11 00:00:00 EDT 2014
TelomycinShortCOSY,,Chad J.,johnsc7,NMR,Magarvey Lab,Wed Sep 10 00:00:00 EDT 2014
Thana1COSY,,Chad J.,johnsc7,NMR,Magarvey Lab,Sun May 18 00:00:00 EDT 2014
Thana1DEPT,,Chad J.,johnsc7,NMR,Magarvey Lab,Sun May 18 00:00:00 EDT 2014
Thana1HMBC,,Chad J.,johnsc7,NMR,Magarvey Lab,Sun May 18 00:00:00 EDT 2014
Thana1HSQC,,Chad J.,johnsc7,NMR,Magarvey Lab,Sun May 18 00:00:00 EDT 2014
Thana1Proton,,Chad J.,johnsc7,NMR,Magarvey Lab,Sat May 17 00:00:00 EDT 2014
Thana2COSY,,Chad J.,johnsc7,NMR,Magarvey Lab,Tue May 20 00:00:00 EDT 2014
Thana2DEPT,,Chad J.,johnsc7,NMR,Magarvey Lab,Sat May 24 00:00:00 EDT 2014
Thana2HMBC,,Chad J.,johnsc7,NMR,Magarvey Lab,Wed May 21 00:00:00 EDT 2014
Thana2HSQC,,Chad J.,johnsc7,NMR,Magarvey Lab,Sat May 24 00:00:00 EDT 2014
Thana2Proton,,Chad J.,johnsc7,NMR,Magarvey Lab,Mon May 19 00:00:00 EDT 2014
Thana2ProtonCheck,,Chad J.,johnsc7,NMR,Magarvey Lab,Fri May 23 00:00:00 EDT 2014
ThanaCOSY,,Chad J.,johnsc7,NMR,Magarvey Lab,Mon Jul 14 00:00:00 EDT 2014
ThanaDClcosy,,Chad J.,johnsc7,NMR,Magarvey Lab,Thu Jul 17 00:00:00 EDT 2014
ThanaDClcosymfph,,Chad J.,johnsc7,NMR,Magarvey Lab,Fri Jul 18 00:00:00 EDT 2014
ThanaDClcosymfphREDO,,Chad J.,johnsc7,NMR,Magarvey Lab,Thu Jul 24 00:00:00 EDT 2014
ThanaDClcosyqf,,Chad J.,johnsc7,NMR,Magarvey Lab,Fri Jul 18 00:00:00 EDT 2014
ThanaDCldept,,Chad J.,johnsc7,NMR,Magarvey Lab,Sun Jul 20 00:00:00 EDT 2014
ThanaDCldeptREDO,,Chad J.,johnsc7,NMR,Magarvey Lab,Fri Jul 25 00:00:00 EDT 2014
ThanaDClhmbc,,Chad J.,johnsc7,NMR,Magarvey Lab,Thu Jul 17 00:00:00 EDT 2014
ThanaDClhmbcBS,,Chad J.,johnsc7,NMR,Magarvey Lab,Mon Jul 28 00:00:00 EDT 2014
ThanaDClhmbcct,,Chad J.,johnsc7,NMR,Magarvey Lab,Sun Jul 20 00:00:00 EDT 2014
ThanaDClhsqc,,Chad J.,johnsc7,NMR,Magarvey Lab,Sat Jul 19 00:00:00 EDT 2014
ThanaDClhsqcRedo,,Chad J.,johnsc7,NMR,Magarvey Lab,Wed Jul 23 00:00:00 EDT 2014
ThanaDClproton,,Chad J.,johnsc7,NMR,Magarvey Lab,Wed Jul 16 00:00:00 EDT 2014
ThanaDEPT,,Chad J.,johnsc7,NMR,Magarvey Lab,Tue Jul 15 00:00:00 EDT 2014
ThanaDMSOdept,,Chad J.,johnsc7,NMR,Magarvey Lab,Fri Sep 12 00:00:00 EDT 2014
ThanaDMSOhmbc,,Chad J.,johnsc7,NMR,Magarvey Lab,Sat Sep 13 00:00:00 EDT 2014
ThanaDMSOhsqc,,Chad J.,johnsc7,NMR,Magarvey Lab,Fri Sep 12 00:00:00 EDT 2014
ThanaDMSOhsqc-real,,Chad J.,johnsc7,NMR,Magarvey Lab,Sat Sep 13 00:00:00 EDT 2014
ThanaDMSOhsqc-tocsy,,Chad J.,johnsc7,NMR,Magarvey Lab,Fri Sep 19 00:00:00 EDT 2014
ThanaDMSOproton,,Chad J.,johnsc7,NMR,Magarvey Lab,Thu Sep 11 00:00:00 EDT 2014
ThanaHMBC,,Chad J.,johnsc7,NMR,Magarvey Lab,Mon Jul 14 00:00:00 EDT 2014
ThanaHSQC,,Chad J.,johnsc7,NMR,Magarvey Lab,Mon Jul 14 00:00:00 EDT 2014
ThanaNOESY,,Chad J.,johnsc7,NMR,Magarvey Lab,Tue Jul 15 00:00:00 EDT 2014
ThanaProton,,Chad J.,johnsc7,NMR,Magarvey Lab,Tue Jul 15 00:00:00 EDT 2014
ThanaProtonRedo,,Chad J.,johnsc7,NMR,Magarvey Lab,Tue Jul 15 00:00:00 EDT 2014
Thanamycin-13C,,Chad J.,johnsc7,NMR,Magarvey Lab,Sat Mar 14 00:00:00 EDT 2015
Thanamycin-COSY,,Chad J.,johnsc7,NMR,Magarvey Lab,Sat Mar 14 00:00:00 EDT 2015
Thanamycin-DEPT,,Chad J.,johnsc7,NMR,Magarvey Lab,Wed Mar 18 00:00:00 EDT 2015
Thanamycin-H2BC,,Chad J.,johnsc7,NMR,Magarvey Lab,Thu Mar 26 00:00:00 EDT 2015
Thanamycin-HMBC,,Chad J.,johnsc7,NMR,Magarvey Lab,Sun Mar 15 00:00:00 EDT 2015
Thanamycin-HMBCqf,,Chad J.,johnsc7,NMR,Magarvey Lab,Thu Mar 26 00:00:00 EDT 2015
Thanamycin-HSQC,,Chad J.,johnsc7,NMR,Magarvey Lab,Sun Mar 15 00:00:00 EDT 2015
Thanamycin-HSQC-TOCSY,,Chad J.,johnsc7,NMR,Magarvey Lab,Sun Mar 15 00:00:00 EDT 2015
Thanamycin-NHMBC,,Chad J.,johnsc7,NMR,Magarvey Lab,Fri Apr 03 00:00:00 EDT 2015
Thanamycin-NHSQC,,Chad J.,johnsc7,NMR,Magarvey Lab,Sat Apr 04 00:00:00 EDT 2015
Thanamycin-NOESY,,Chad J.,johnsc7,NMR,Magarvey Lab,Tue Mar 17 00:00:00 EDT 2015
Thanamycin-Proton,,Chad J.,johnsc7,NMR,Magarvey Lab,Fri Mar 13 00:00:00 EDT 2015
Thanamycin-ROESY,,Chad J.,johnsc7,NMR,Magarvey Lab,Wed Mar 18 00:00:00 EDT 2015
ThanamycinTFECOSYmfqf,,Chad J.,johnsc7,NMR,Magarvey Lab,Thu May 29 00:00:00 EDT 2014
ThanamycinTFECOSYmfqf64,,Chad J.,johnsc7,NMR,Magarvey Lab,Wed Jun 04 00:00:00 EDT 2014
ThanamycinTFEDEPT8K,,Chad J.,johnsc7,NMR,Magarvey Lab,Sat May 31 00:00:00 EDT 2014
ThanamycinTFEDEPTtest,,Chad J.,johnsc7,NMR,Magarvey Lab,Wed May 28 00:00:00 EDT 2014
ThanamycinTFEHMBCph,,Chad J.,johnsc7,NMR,Magarvey Lab,Fri May 30 00:00:00 EDT 2014
ThanamycinTFEHSCQTOCSY,,Chad J.,johnsc7,NMR,Magarvey Lab,Wed Jun 04 00:00:00 EDT 2014
ThanamycinTFEHSQCedsi,,Chad J.,johnsc7,NMR,Magarvey Lab,Sun Jun 01 00:00:00 EDT 2014
ThanamycinTFEProton,,Chad J.,johnsc7,NMR,Magarvey Lab,Wed May 28 00:00:00 EDT 2014
ThanamycinTFEuDEFT,,Chad J.,johnsc7,NMR,Magarvey Lab,Sun Jun 01 00:00:00 EDT 2014
ThanamycinTOCSY,,Chad J.,johnsc7,NMR,Magarvey Lab,Mon Mar 16 00:00:00 EDT 2015
johnsc7-20140527,,Chad J.,johnsc7,NMR,Magarvey Lab,Tue May 27 00:00:00 EDT 2014
johnsc7-TeloTest,,Chad J.,johnsc7,NMR,Magarvey Lab,Fri May 23 00:00:00 EDT 2014
lixi-20140515-CJThanamycin1COSY,,Chad J.,johnsc7,NMR,Magarvey Lab,Fri May 16 00:00:00 EDT 2014
lixi-20140515-CJThanamycin1Proton,,Chad J.,johnsc7,NMR,Magarvey Lab,Fri May 16 00:00:00 EDT 2014
test,,Chad J.,johnsc7,NMR,Magarvey Lab,Tue May 20 00:00:00 EDT 2014
zvanycr-20150618_pure_611mz_D2O_HMBC,,Chad J.,johnsc7,NMR,Magarvey Lab,Wed Jun 24 00:00:00 EDT 2015
zvanycr-20150618_pure_611mz_D2O_NewProton,,Chad J.,johnsc7,NMR,Magarvey Lab,Thu Jun 25 00:00:00 EDT 2015
